Alpha,T1_Re1.000_M0.00_N9.0, , Alpha,T1_Re2.000_M0.00_N9.0, , Alpha,T1_Re3.000_M0.00_N9.0, , Alpha,T1_Re4.000_M0.00_N9.0, , Alpha,T1_Re5.000_M0.00_N9.0, , Alpha,T1_Re6.000_M0.00_N9.0, , Alpha,T1_Re7.000_M0.00_N9.0, , Alpha,T1_Re8.000_M0.00_N9.0, , Alpha,T1_Re9.000_M0.00_N9.0, , 
          -15,     -1.279048, ,           -15,     -1.434713, ,           -15,      -1.44323, ,           -15,     -1.444641, ,         -12.8,     -1.358406, ,           -10,     -1.118338, ,         -11.8,     -1.296654, ,           -13,     -1.412269, ,           -15,     -1.444578, , 
        -14.8,     -1.286909, ,         -14.8,     -1.430967, ,         -14.8,     -1.439681, ,         -14.8,     -1.441229, ,         -12.6,      -1.34297, ,          -9.4,     -1.063085, ,         -11.6,     -1.280285, ,         -12.8,     -1.400811, ,         -14.8,     -1.445231, , 
        -14.6,     -1.292826, ,         -14.6,     -1.426402, ,         -14.6,     -1.435433, ,         -14.6,     -1.437156, ,         -12.4,     -1.327018, ,          -9.2,     -1.042422, ,         -11.4,     -1.262835, ,         -12.6,     -1.386496, ,         -14.6,     -1.444549, , 
        -14.4,     -1.296954, ,         -14.4,     -1.421139, ,         -14.4,     -1.430463, ,         -14.4,     -1.432412, ,         -12.2,     -1.310604, ,            -9,     -1.021369, ,         -11.2,     -1.242168, ,         -12.4,     -1.370505, ,         -14.4,     -1.442887, , 
        -14.2,     -1.299404, ,         -14.2,     -1.415272, ,         -14.2,     -1.424974, ,         -14.2,      -1.42718, ,           -12,      -1.29377, ,          -8.6,    -0.9785102, ,           -11,     -1.220947, ,         -12.2,     -1.351345, ,         -14.2,     -1.440814, , 
          -14,     -1.300369, ,           -14,     -1.408853, ,           -14,     -1.419173, ,           -14,      -1.42176, ,         -11.8,     -1.276537, ,          -8.4,    -0.9567937, ,         -10.8,     -1.197239, ,           -12,     -1.331086, ,           -14,     -1.436812, , 
        -13.8,     -1.299881, ,         -13.8,     -1.402129, ,         -13.8,     -1.413066, ,         -13.8,     -1.415835, ,         -11.6,     -1.258752, ,          -8.2,    -0.9349355, ,         -10.6,     -1.184625, ,         -11.8,     -1.310692, ,         -13.8,     -1.428662, , 
        -13.6,     -1.297117, ,         -13.6,     -1.394938, ,         -13.6,     -1.404749, ,         -13.6,      -1.40675, ,         -11.4,     -1.240972, ,            -8,    -0.9129399, ,         -10.4,     -1.168443, ,         -11.6,     -1.290615, ,         -13.6,     -1.420151, , 
        -13.4,     -1.292639, ,         -13.4,     -1.385187, ,         -13.4,     -1.393915, ,         -13.4,      -1.39562, ,         -11.2,      -1.22292, ,          -7.8,    -0.8908401, ,         -10.2,     -1.149861, ,         -11.4,     -1.272302, ,         -13.4,     -1.407416, , 
        -13.2,     -1.287129, ,         -13.2,     -1.373616, ,         -13.2,     -1.381672, ,         -13.2,     -1.383055, ,           -11,     -1.205132, ,          -7.6,    -0.8695106, ,           -10,     -1.130127, ,         -11.2,      -1.24977, ,         -13.2,     -1.393741, , 
          -13,     -1.281097, ,           -13,     -1.360791, ,           -13,     -1.368379, ,           -13,     -1.369589, ,         -10.8,     -1.188024, ,          -7.4,    -0.8473905, ,          -9.8,     -1.109722, ,           -11,     -1.231823, ,           -13,     -1.379279, , 
        -12.8,      -1.27508, ,         -12.8,      -1.34715, ,         -12.8,     -1.354322, ,         -12.8,     -1.355387, ,         -10.6,     -1.170022, ,          -7.2,    -0.8251833, ,          -9.6,     -1.088887, ,         -10.8,     -1.214844, ,         -12.8,     -1.364146, , 
        -12.6,     -1.269326, ,         -12.6,       -1.3328, ,         -12.6,     -1.339589, ,         -12.6,      -1.34054, ,         -10.4,     -1.150848, ,            -7,    -0.8028615, ,          -9.4,     -1.067749, ,         -10.6,        -1.196, ,         -12.6,     -1.348431, , 
        -12.4,     -1.261159, ,         -12.4,     -1.317737, ,         -12.4,     -1.324254, ,         -12.4,     -1.325117, ,          -9.2,      -1.03445, ,          -6.8,    -0.7808657, ,          -9.2,     -1.046387, ,         -10.4,      -1.17611, ,         -12.4,     -1.332204, , 
        -12.2,     -1.251013, ,         -12.2,      -1.30201, ,         -12.2,     -1.308445, ,         -12.2,      -1.30918, ,            -9,     -1.015387, ,          -6.6,    -0.7586217, ,          -8.8,     -1.003138, ,         -10.2,     -1.155605, ,         -12.2,     -1.315518, , 
          -12,     -1.239448, ,           -12,      -1.28573, ,           -12,     -1.292617, ,           -12,     -1.292775, ,          -8.6,    -0.9742931, ,          -6.4,     -0.735961, ,          -8.4,     -0.959344, ,           -10,     -1.134731, ,           -12,     -1.298413, , 
        -11.8,     -1.226796, ,         -11.8,     -1.268975, ,         -11.8,     -1.276297, ,         -11.8,     -1.275935, ,          -8.4,    -0.9530934, ,          -6.2,    -0.7131757, ,          -8.2,    -0.9372836, ,          -9.8,     -1.113581, ,         -11.8,     -1.280894, , 
        -11.6,     -1.213312, ,         -11.6,      -1.25177, ,         -11.6,     -1.258987, ,         -11.6,     -1.258572, ,          -8.2,    -0.9316233, ,            -6,    -0.6903346, ,            -8,    -0.9151406, ,          -9.6,     -1.092236, ,         -11.6,     -1.299111, , 
        -11.4,     -1.199024, ,         -11.4,       -1.2342, ,         -11.4,     -1.241517, ,         -11.4,     -1.241427, ,            -8,    -0.9113441, ,          -5.8,    -0.6675151, ,          -7.8,    -0.8929045, ,          -9.4,     -1.070712, ,         -11.4,     -1.277033, , 
        -11.2,     -1.184011, ,         -11.2,      -1.21627, ,         -11.2,     -1.223405, ,         -11.2,     -1.224591, ,          -7.8,    -0.8895554, ,          -5.6,    -0.6447542, ,          -7.6,    -0.8705916, ,          -9.2,     -1.049053, ,         -11.2,      -1.25958, , 
          -11,     -1.168351, ,           -11,     -1.198009, ,           -11,     -1.204984, ,           -11,     -1.207048, ,          -7.6,    -0.8676361, ,          -5.4,    -0.6219762, ,          -7.4,     -0.848807, ,            -9,     -1.027267, ,           -11,     -1.241058, , 
        -10.8,     -1.152092, ,         -10.8,     -1.179439, ,         -10.8,     -1.186281, ,         -10.8,     -1.188491, ,          -7.4,    -0.8455807, ,          -5.2,    -0.5990383, ,          -7.2,    -0.8265465, ,          -8.8,     -1.005366, ,         -10.8,     -1.221285, , 
        -10.6,     -1.135275, ,         -10.6,     -1.160584, ,         -10.6,     -1.167311, ,         -10.6,     -1.169556, ,          -7.2,    -0.8233698, ,          -4.8,     -0.552895, ,            -7,     -0.804205, ,          -8.6,    -0.9833683, ,         -10.6,     -1.200861, , 
        -10.4,     -1.117968, ,         -10.4,     -1.141471, ,         -10.4,     -1.148092, ,         -10.4,       -1.1504, ,            -7,    -0.8012926, ,          -4.6,    -0.5297733, ,          -6.8,    -0.7818867, ,          -8.4,    -0.9612875, ,         -10.4,     -1.180036, , 
        -10.2,       -1.1002, ,         -10.2,      -1.12212, ,         -10.2,     -1.128637, ,         -10.2,     -1.131031, ,          -6.8,    -0.7794258, ,          -4.4,    -0.5066239, ,          -6.6,    -0.7596042, ,          -8.2,    -0.9391065, ,         -10.2,     -1.158941, , 
          -10,     -1.081985, ,           -10,     -1.102555, ,           -10,     -1.108961, ,           -10,     -1.111457, ,          -6.6,    -0.7568546, ,          -4.2,    -0.4834894, ,          -6.4,    -0.7372844, ,            -8,     -0.916858, ,           -10,     -1.137649, , 
         -9.8,     -1.063313, ,          -9.8,     -1.082799, ,          -9.8,     -1.089079, ,          -9.6,      -1.06596, ,          -6.4,    -0.7342053, ,            -4,    -0.4604221, ,          -6.2,    -0.7145055, ,          -7.8,     -0.894536, ,          -9.8,     -1.116199, , 
         -9.6,     -1.044123, ,          -9.6,     -1.062883, ,          -9.6,     -1.069005, ,          -9.4,     -1.046923, ,          -6.2,    -0.7114729, ,          -3.8,    -0.4373014, ,            -6,    -0.6916206, ,          -7.6,    -0.8723692, ,          -9.6,     -1.094609, , 
         -9.4,     -1.024443, ,          -9.4,     -1.042847, ,          -9.4,     -1.048504, ,          -9.2,     -1.029374, ,            -6,    -0.6887954, ,          -3.6,    -0.4141172, ,          -5.8,    -0.6686911, ,          -7.4,    -0.8500074, ,          -9.4,     -1.072888, , 
         -9.2,     -1.004372, ,          -9.2,     -1.022832, ,          -9.2,     -1.023451, ,            -9,     -1.010395, ,          -5.8,    -0.6662081, ,          -3.4,    -0.3908119, ,          -5.6,    -0.6457734, ,          -7.2,     -0.827655, ,          -9.2,     -1.051064, , 
           -9,    -0.9868651, ,            -9,     -1.003206, ,            -9,    -0.9999857, ,          -8.8,    -0.9905396, ,          -5.6,    -0.6434965, ,          -3.2,    -0.3675721, ,          -5.4,    -0.6229143, ,            -7,    -0.8052697, ,          -8.4,    -0.9628514, , 
         -8.8,    -0.9680358, ,          -8.8,    -0.9830702, ,          -8.8,    -0.9804784, ,          -8.6,    -0.9701139, ,          -5.4,    -0.6206249, ,            -3,    -0.3443574, ,          -5.2,    -0.6000636, ,          -6.8,    -0.7828852, ,          -8.2,    -0.9405919, , 
         -8.6,    -0.9481175, ,          -8.4,     -0.933292, ,          -8.6,    -0.9623016, ,          -8.4,    -0.9493028, ,          -5.2,    -0.5976692, ,          -2.8,    -0.3209993, ,            -5,    -0.5770672, ,          -6.6,    -0.7603792, ,            -8,    -0.9182728, , 
         -8.4,    -0.9276963, ,          -8.2,    -0.9095358, ,          -8.4,    -0.9445141, ,          -8.2,    -0.9282094, ,            -5,    -0.5746439, ,          -2.6,    -0.2977537, ,          -4.8,    -0.5539425, ,          -6.4,    -0.7380585, ,          -7.8,    -0.8958776, , 
         -8.2,    -0.9069572, ,            -8,    -0.8889234, ,          -8.2,    -0.9242475, ,            -8,    -0.9084927, ,          -4.8,    -0.5515634, ,          -2.4,    -0.2747493, ,          -4.6,    -0.5307894, ,          -6.2,    -0.7155528, ,          -7.6,    -0.8735623, , 
           -8,    -0.8880188, ,          -7.8,    -0.8700394, ,            -8,    -0.9033385, ,          -7.8,     -0.886824, ,          -4.6,    -0.5284875, ,          -2.2,    -0.2515667, ,          -4.4,    -0.5076181, ,            -6,    -0.6926807, ,          -7.4,    -0.8510895, , 
         -7.8,    -0.8682922, ,          -7.6,    -0.8503919, ,          -7.6,    -0.8610554, ,          -7.6,    -0.8649496, ,          -4.4,    -0.5054879, ,            -2,    -0.2282963, ,          -4.2,    -0.4843765, ,          -5.8,    -0.6697158, ,          -7.2,    -0.8286245, , 
         -7.6,    -0.8474181, ,          -7.4,    -0.8298655, ,          -7.4,     -0.839456, ,            -7,    -0.7992857, ,          -4.2,     -0.482469, ,          -1.8,    -0.2049032, ,            -4,    -0.4612108, ,          -5.6,    -0.6467108, ,            -7,    -0.8061657, , 
         -7.4,    -0.8196957, ,          -7.2,    -0.8092152, ,          -7.2,    -0.8174836, ,          -6.8,    -0.7769066, ,            -4,     -0.459433, ,          -1.6,    -0.1815464, ,          -3.8,     -0.438049, ,          -5.4,    -0.6237348, ,          -6.8,    -0.7837325, , 
         -7.2,    -0.7917924, ,            -7,     -0.788064, ,            -7,    -0.7953311, ,          -6.6,    -0.7543964, ,          -3.8,    -0.4362793, ,          -1.4,    -0.1583329, ,          -3.6,    -0.4148688, ,          -5.2,    -0.6008075, ,          -6.6,    -0.7612481, , 
           -7,    -0.7652003, ,          -6.6,    -0.7447403, ,          -6.8,    -0.7731165, ,          -6.4,    -0.7318571, ,          -3.6,    -0.4130699, ,          -1.2,    -0.1351377, ,          -3.4,    -0.3915878, ,            -5,    -0.5778771, ,          -6.4,    -0.7385765, , 
         -6.8,    -0.7417271, ,          -6.4,    -0.7226552, ,          -6.6,    -0.7509997, ,          -6.2,    -0.7094231, ,          -3.4,    -0.3899463, ,            -1,    -0.1119988, ,          -3.2,    -0.3682079, ,          -4.8,    -0.5547787, ,          -6.2,    -0.7163095, , 
         -6.6,    -0.7207667, ,          -6.2,    -0.7004022, ,          -6.4,    -0.7288403, ,            -6,    -0.6869683, ,          -3.2,    -0.3668047, ,          -0.8,   -0.08915198, ,            -3,    -0.3449333, ,          -4.6,    -0.5316139, ,            -6,    -0.6935402, , 
         -6.4,    -0.7014391, ,          -5.8,    -0.6560217, ,          -6.2,    -0.7064607, ,          -5.8,    -0.6643395, ,            -3,    -0.3435558, ,          -0.6,   -0.06695509, ,          -2.8,    -0.3215964, ,          -4.4,    -0.5084073, ,          -5.8,    -0.6705852, , 
         -6.2,    -0.6817485, ,          -5.6,    -0.6337933, ,            -6,    -0.6839141, ,          -5.6,    -0.6415718, ,          -2.8,    -0.3203494, ,          -0.4,   -0.04500837, ,          -2.6,    -0.2981845, ,          -4.2,    -0.4851729, ,          -5.6,    -0.6475621, , 
           -6,    -0.6612528, ,          -5.4,    -0.6114426, ,          -5.8,    -0.6612725, ,          -5.4,    -0.6186889, ,          -2.6,    -0.2973299, ,          -0.2,    -0.0227191, ,          -2.4,    -0.2750234, ,            -4,    -0.4619096, ,          -5.4,    -0.6244943, , 
         -5.8,      -0.64037, ,          -5.2,    -0.5889112, ,          -5.6,    -0.6385349, ,          -5.2,    -0.5957697, ,          -2.4,    -0.2743745, ,             0, -1.825726e-09, ,          -2.2,    -0.2519095, ,          -3.8,    -0.4386698, ,          -5.2,    -0.6014718, , 
         -5.6,    -0.6198997, ,            -5,    -0.5663051, ,          -5.4,     -0.615766, ,            -5,    -0.5728147, ,          -2.2,    -0.2511573, ,           0.2,    0.02271923, ,            -2,    -0.2286237, ,          -3.6,    -0.4154294, ,            -5,    -0.5784766, , 
         -5.4,    -0.5986759, ,          -4.8,    -0.5435694, ,          -5.2,     -0.593162, ,          -4.8,    -0.5498848, ,            -2,    -0.2278456, ,           0.4,    0.04500894, ,          -1.8,    -0.2053221, ,          -3.4,    -0.3921588, ,          -4.8,    -0.5553696, , 
         -5.2,    -0.5770809, ,          -4.6,    -0.5209167, ,            -5,    -0.5704717, ,          -4.6,    -0.5269902, ,          -1.8,    -0.2045452, ,           0.6,    0.06695651, ,          -1.6,    -0.1818684, ,          -3.2,    -0.3687958, ,          -4.6,    -0.5323101, , 
           -5,     -0.555178, ,          -4.4,    -0.4983859, ,          -4.8,     -0.547733, ,          -4.4,    -0.5041013, ,          -1.6,    -0.1813376, ,           0.8,    0.08915459, ,          -1.4,    -0.1586155, ,            -3,    -0.3454214, ,          -4.4,    -0.5090813, , 
         -4.8,    -0.5329834, ,          -4.2,    -0.4756471, ,          -4.6,    -0.5248958, ,          -4.2,    -0.4810917, ,          -1.4,    -0.1581652, ,             1,     0.1120027, ,          -1.2,    -0.1354373, ,          -2.8,    -0.3220877, ,          -4.2,     -0.485846, , 
         -4.6,    -0.5113474, ,            -4,    -0.4528031, ,          -4.4,    -0.5019312, ,            -4,    -0.4579813, ,          -1.2,     -0.135014, ,           1.2,     0.1351428, ,            -1,    -0.1125561, ,          -2.6,    -0.2986642, ,            -4,    -0.4625315, , 
         -4.4,    -0.4893033, ,          -3.8,    -0.4300747, ,          -4.2,    -0.4789136, ,          -3.8,    -0.4348864, ,            -1,    -0.1118817, ,           1.4,     0.1583394, ,          -0.8,    -0.0901451, ,          -2.4,    -0.2752753, ,          -3.8,    -0.4392091, , 
         -4.2,    -0.4672431, ,          -3.6,    -0.4072701, ,            -4,    -0.4560556, ,          -3.6,    -0.4118577, ,          -0.8,   -0.08900271, ,           1.6,     0.1815541, ,          -0.6,   -0.06777587, ,          -2.2,    -0.2521682, ,          -3.6,    -0.4159135, , 
           -4,    -0.4451805, ,          -3.4,     -0.384627, ,          -3.8,    -0.4331117, ,          -3.4,    -0.3888079, ,          -0.6,   -0.06632236, ,           1.8,     0.2049125, ,          -0.4,   -0.04557731, ,            -2,    -0.2289535, ,          -3.4,    -0.3926337, , 
         -3.8,    -0.4232619, ,          -3.2,    -0.3622477, ,          -3.6,     -0.410059, ,          -3.2,    -0.3656232, ,          -0.4,   -0.04415748, ,             2,     0.2283071, ,          -0.2,   -0.02279528, ,          -1.8,    -0.2056387, ,          -3.2,    -0.3692799, , 
         -3.6,    -0.4012371, ,            -3,     -0.339717, ,          -3.4,    -0.3870768, ,            -3,    -0.3426135, ,          -0.2,   -0.02230791, ,           2.2,     0.2515793, ,             0,  1.687137e-10, ,          -1.6,    -0.1823092, ,            -3,    -0.3458479, , 
         -3.4,    -0.3792265, ,          -2.8,    -0.3168643, ,          -3.2,    -0.3641136, ,          -2.8,    -0.3197032, ,             0, -1.353664e-09, ,           2.4,     0.2747636, ,           0.2,    0.02279539, ,          -1.4,    -0.1590314, ,          -2.8,    -0.3224555, , 
         -3.2,    -0.3571709, ,          -2.6,    -0.2943668, ,            -3,    -0.3415686, ,          -2.6,     -0.296872, ,           0.2,    0.02230807, ,           2.6,     0.2977702, ,           0.4,    0.04557777, ,          -1.2,     -0.136128, ,          -2.6,    -0.2991032, , 
           -3,    -0.3353476, ,          -2.4,     -0.271747, ,          -2.8,    -0.3188707, ,          -2.4,    -0.2737969, ,           0.4,     0.0441582, ,             3,      0.344378, ,           0.6,    0.06777708, ,            -1,    -0.1135536, ,          -2.4,    -0.2756169, , 
         -2.8,    -0.3136727, ,          -2.2,    -0.2493757, ,          -2.6,    -0.2959827, ,          -2.2,    -0.2505653, ,           0.6,    0.06632397, ,           3.2,     0.3675948, ,           0.8,    0.09014733, ,          -0.8,   -0.09087291, ,          -2.2,    -0.2523692, , 
         -2.6,    -0.2919923, ,            -2,    -0.2268471, ,          -2.4,    -0.2728744, ,            -2,    -0.2274296, ,           0.8,    0.08900531, ,           3.4,     0.3908369, ,             1,     0.1125597, ,          -0.6,   -0.06837598, ,            -2,    -0.2292231, , 
         -2.4,    -0.2709225, ,          -1.8,     -0.204486, ,          -2.2,    -0.2499743, ,          -1.8,    -0.2042855, ,             1,     0.1118855, ,           3.6,     0.4141444, ,           1.2,     0.1354423, ,          -0.4,   -0.04578808, ,          -1.8,    -0.2059228, , 
         -2.2,    -0.2503576, ,          -1.6,    -0.1824809, ,            -2,    -0.2270422, ,          -1.6,    -0.1811809, ,           1.2,      0.135019, ,           3.8,     0.4373311, ,           1.4,     0.1586218, ,          -0.2,    -0.0229717, ,          -1.6,    -0.1827152, , 
           -2,    -0.2301127, ,          -1.4,    -0.1605667, ,          -1.8,    -0.2041764, ,          -1.4,     -0.158178, ,           1.4,     0.1581715, ,             4,     0.4604544, ,           1.6,     0.1818762, ,             0,  3.034785e-09, ,          -1.4,    -0.1597848, , 
         -1.8,    -0.2090052, ,          -1.2,    -0.1386101, ,          -1.6,    -0.1812302, ,          -1.2,    -0.1350918, ,           1.6,     0.1813454, ,           4.2,     0.4835245, ,           1.8,     0.2053313, ,           0.2,     0.0229718, ,          -1.2,    -0.1368775, , 
         -1.6,    -0.1862705, ,            -1,    -0.1165433, ,          -1.4,    -0.1584396, ,            -1,     -0.112285, ,           1.8,     0.2045545, ,           4.4,     0.5066619, ,             2,     0.2286345, ,           0.4,    0.04578851, ,          -0.8,   -0.09147072, , 
         -1.4,    -0.1632123, ,          -0.8,    -0.0939968, ,          -1.2,    -0.1359342, ,          -0.6,   -0.06676599, ,             2,     0.2278566, ,           4.6,     0.5298141, ,           2.2,     0.2519219, ,           0.6,    0.06837703, ,          -0.6,   -0.06874711, , 
         -1.2,    -0.1399731, ,          -0.6,   -0.07064726, ,            -1,    -0.1134713, ,          -0.4,   -0.04394924, ,           2.2,     0.2511699, ,           4.8,     0.5529387, ,           2.4,     0.2750375, ,           0.8,    0.09087489, ,          -0.4,   -0.04601748, , 
           -1,    -0.1167916, ,          -0.4,   -0.04705459, ,          -0.8,   -0.09085732, ,          -0.2,   -0.02155911, ,           2.4,      0.274389, ,           5.2,     0.5990882, ,           2.6,     0.2982009, ,             1,     0.1135567, ,          -0.2,   -0.02312129, , 
         -0.8,   -0.09332706, ,          -0.2,   -0.02351024, ,          -0.6,   -0.06836385, ,             0,   2.93683e-11, ,           2.6,     0.2973464, ,           5.4,     0.6220294, ,           2.8,     0.3216147, ,           1.2,     0.1361326, ,             0, -8.594279e-11, , 
         -0.6,   -0.06994391, ,             0,  2.500699e-10, ,          -0.4,   -0.04582306, ,           0.2,    0.02155933, ,           2.8,     0.3203682, ,           5.6,     0.6448109, ,             3,     0.3449535, ,           1.4,     0.1590376, ,           0.2,    0.02312138, , 
         -0.4,   -0.04651069, ,           0.2,    0.02351029, ,          -0.2,   -0.02311176, ,           0.4,    0.04394998, ,           3.2,     0.3668278, ,           5.8,     0.6675757, ,           3.2,     0.3682302, ,           1.6,     0.1823168, ,           0.4,    0.04601787, , 
         -0.2,   -0.02316381, ,           0.4,    0.04705478, ,             0,  1.116862e-09, ,           0.6,    0.06676745, ,           3.4,     0.3899718, ,             6,     0.6903992, ,           3.4,     0.3916123, ,           1.8,     0.2056477, ,           0.6,    0.06874804, , 
            0,   4.35071e-09, ,           0.6,    0.07064767, ,           0.2,    0.02311185, ,             1,     0.1122885, ,           3.6,     0.4130979, ,           6.2,     0.7132441, ,           3.6,     0.4148955, ,             2,     0.2289642, ,           0.8,    0.09147247, , 
          0.2,    0.02316386, ,           0.8,    0.09399759, ,           0.4,    0.04582346, ,           1.2,     0.1350966, ,           3.8,     0.4363098, ,           6.4,     0.7360334, ,           3.8,     0.4380782, ,           2.2,     0.2521806, ,             1,     0.1143174, , 
          0.4,     0.0465109, ,             1,     0.1165448, ,           0.6,    0.06836484, ,           1.4,     0.1581842, ,             4,     0.4594661, ,           6.6,     0.7586982, ,             4,     0.4612426, ,           2.4,     0.2752897, ,           1.2,     0.1368817, , 
          0.6,    0.06994435, ,           1.2,     0.1386129, ,           0.8,    0.09085915, ,           1.6,     0.1811886, ,           4.2,     0.4825049, ,           6.8,     0.7809459, ,           4.2,      0.484411, ,           2.6,     0.2986804, ,           1.4,     0.1597905, , 
          0.8,    0.09332784, ,           1.4,     0.1605709, ,             1,     0.1134742, ,           1.8,     0.2042948, ,           4.4,     0.5055267, ,             7,     0.8029482, ,           4.6,     0.5308292, ,           2.8,     0.3221057, ,           1.6,     0.1827226, , 
            1,     0.1167928, ,           1.6,      0.182487, ,           1.2,     0.1359384, ,             2,     0.2274405, ,           4.6,     0.5285295, ,           7.2,      0.825275, ,           4.8,     0.5539852, ,             3,     0.3454414, ,           1.8,     0.2059318, , 
          1.2,     0.1399748, ,           1.8,     0.2044942, ,           1.4,     0.1584453, ,           2.2,      0.250578, ,           4.8,     0.5516085, ,           7.4,     0.8474876, ,             5,     0.5771128, ,           3.2,     0.3688178, ,             2,     0.2292337, , 
          1.4,     0.1632147, ,             2,     0.2268575, ,           1.6,     0.1812375, ,           2.4,     0.2738114, ,             5,      0.574692, ,           7.6,      0.869613, ,           5.2,     0.6001124, ,           3.4,     0.3921829, ,           2.2,     0.2523814, , 
          1.6,     0.1862739, ,           2.2,     0.2493882, ,           1.8,     0.2041854, ,           2.6,     0.2968887, ,           5.2,     0.5977205, ,           7.8,     0.8916431, ,           5.4,     0.6229664, ,           3.6,     0.4154557, ,           2.4,     0.2756312, , 
          1.8,     0.2090096, ,           2.4,     0.2717618, ,             2,      0.227053, ,           2.8,     0.3197222, ,           5.4,     0.6206796, ,             8,     0.9136776, ,           5.6,     0.6458292, ,           3.8,     0.4386985, ,           2.8,     0.3224733, , 
            2,     0.2301192, ,           2.6,     0.2943842, ,           2.2,     0.2499871, ,             3,     0.3426348, ,           5.6,     0.6435547, ,           8.8,      1.000198, ,           5.8,     0.6687506, ,             4,     0.4619408, ,             3,     0.3458677, , 
          2.2,     0.2503673, ,           2.8,     0.3168842, ,           2.4,     0.2728892, ,           3.2,      0.365647, ,             6,     0.6888615, ,             9,       1.02152, ,             6,     0.6916837, ,           4.2,     0.4852066, ,           3.2,     0.3693016, , 
          2.4,     0.2709356, ,             3,     0.3397394, ,           2.6,     0.2959996, ,           3.4,     0.3888341, ,           6.2,     0.7115434, ,           9.2,      1.042582, ,           6.2,     0.7145722, ,           4.4,     0.5084436, ,           3.4,     0.3926575, , 
          2.6,     0.2920089, ,           3.2,     0.3622729, ,           2.8,     0.3188897, ,           3.6,     0.4118864, ,           6.4,     0.7342799, ,           9.4,      1.063253, ,           6.4,      0.737355, ,           4.6,      0.531653, ,           3.6,     0.4159395, , 
          2.8,     0.3136925, ,           3.4,     0.3846555, ,             3,     0.3415902, ,           3.8,     0.4349179, ,           6.6,     0.7569336, ,           9.6,      1.083365, ,           6.6,     0.7596784, ,             5,     0.5779219, ,           3.8,     0.4392375, , 
            3,     0.3353709, ,           3.6,     0.4073016, ,           3.2,     0.3641382, ,             4,     0.4580155, ,             7,     0.8013803, ,           9.8,      1.102499, ,             7,     0.8042899, ,           5.2,     0.6008555, ,             4,     0.4625622, , 
          3.2,     0.3571974, ,           3.8,     0.4301091, ,           3.4,      0.387104, ,           4.2,     0.4811287, ,           7.2,     0.8234642, ,            10,      1.118482, ,           7.2,     0.8266363, ,           5.4,     0.6237863, ,           4.2,      0.485879, , 
          3.6,     0.4012709, ,             4,      0.452841, ,           3.6,     0.4100889, ,           4.4,     0.5041412, ,           7.4,     0.8456804, ,          17.4,      1.458125, ,           7.4,      0.848902, ,           5.6,     0.6467658, ,           4.4,      0.509117, , 
          3.8,     0.4232995, ,           4.2,      0.475688, ,           3.8,     0.4331443, ,           4.6,     0.5270333, ,           7.6,     0.8677415, ,          17.6,      1.445191, ,           7.6,     0.8711216, ,           5.8,     0.6697741, ,           4.8,     0.5554108, , 
            4,      0.445222, ,           4.4,     0.4984301, ,           4.2,     0.4789524, ,           4.8,     0.5499312, ,           7.8,     0.8896668, ,          17.8,      1.430013, ,           7.8,     0.8933495, ,             6,     0.6927425, ,             5,     0.5785208, , 
          4.2,     0.4672887, ,           4.6,     0.5209647, ,           4.4,      0.501973, ,             5,     0.5728645, ,             8,     0.9114619, ,            18,      1.412424, ,           8.4,     0.9594686, ,           6.2,     0.7156182, ,           5.2,     0.6015192, , 
          4.4,     0.4893535, ,           4.8,     0.5436213, ,           4.6,     0.5249407, ,           5.2,     0.5958229, ,           8.4,     0.9532283, ,          18.2,      1.391466, ,           8.8,      1.003276, ,           6.4,     0.7381272, ,           5.4,      0.624545, , 
          4.6,     0.5114016, ,             5,     0.5663609, ,           4.8,     0.5477812, ,           5.4,     0.6187456, ,           8.6,     0.9744357, ,          18.4,      1.365898, ,             9,      1.024988, ,           6.6,     0.7604536, ,           5.6,      0.647616, , 
          4.8,     0.5330421, ,           5.2,     0.5889708, ,             5,     0.5705234, ,           5.6,     0.6416321, ,           9.2,      1.034616, ,          18.6,      1.333245, ,           9.2,       1.04654, ,           6.8,      0.782963, ,           5.8,     0.6706425, , 
            5,     0.5552423, ,           5.4,     0.6115064, ,           5.2,     0.5932175, ,           5.8,     0.6644037, ,          10.4,      1.151038, ,          18.8,      1.289234, ,           9.4,       1.06791, ,             7,     0.8053531, ,             6,      0.693601, , 
          5.2,     0.5771496, ,           5.6,     0.6338615, ,           5.4,     0.6158255, ,             6,     0.6870364, ,          10.6,      1.170225, ,            19,      1.222146, ,           9.6,      1.089056, ,           7.2,     0.8277432, ,           6.2,     0.7163731, , 
          5.4,     0.5987496, ,           5.8,     0.6560947, ,           5.6,     0.6385986, ,           6.2,     0.7094956, ,          10.8,      1.188238, , , , ,           9.8,      1.109901, ,           7.4,     0.8501009, ,           6.4,     0.7386455, , 
          5.6,     0.6199786, ,           6.2,     0.7004859, ,           5.8,     0.6613403, ,           6.4,     0.7319344, ,            11,      1.205365, , , , ,            10,      1.130317, ,           7.6,     0.8724678, ,           6.6,     0.7613213, , 
          5.8,     0.6404551, ,           6.4,      0.722744, ,             6,     0.6839859, ,           6.6,     0.7544786, ,          11.2,      1.223178, , , , ,          10.2,      1.150062, ,           7.8,     0.8948157, ,           6.8,     0.7838095, , 
            6,      0.661346, ,           6.6,     0.7448345, ,           6.2,      0.706537, ,           6.8,     0.7769934, ,          11.4,      1.241247, , , , ,          10.4,      1.168657, ,             8,     0.9169678, ,             7,     0.8062479, , 
          6.2,     0.6818485, ,             7,     0.7881708, ,           6.4,     0.7289211, ,             7,     0.7993775, ,          11.6,      1.259046, , , , ,          10.6,      1.184862, ,           8.2,     0.9392221, ,           7.2,     0.8287116, , 
          6.4,     0.7015423, ,           7.2,     0.8093288, ,           6.6,     0.7510858, ,           7.4,     0.8430908, ,          11.8,      1.276851, , , , ,          10.8,      1.197468, ,           8.4,     0.9614088, ,           7.4,     0.8511816, , 
          6.6,     0.7208699, ,           7.4,     0.8299885, ,           6.8,     0.7732082, ,           7.6,     0.8650593, ,            12,      1.294104, , , , ,            11,      1.221169, ,           8.6,     0.9834958, ,           7.6,     0.8736592, , 
          6.8,     0.7418197, ,           7.6,     0.8505235, ,             7,     0.7954287, ,           7.8,       0.88694, ,          12.2,      1.310961, , , , ,          11.2,      1.242401, ,           8.8,        1.0055, ,           7.8,     0.8960705, , 
            7,     0.7652849, ,           7.8,     0.8701792, ,           7.2,     0.8175869, ,             8,     0.9086151, ,          12.4,      1.327399, , , , ,          11.4,       1.26308, ,             9,      1.027407, ,           8.2,     0.9407049, , 
          7.2,     0.7918812, ,             8,     0.8890649, ,           7.4,     0.8395653, ,           8.2,      0.930001, ,          12.6,      1.343377, , , , ,          11.6,      1.280533, ,           9.2,      1.049201, ,           8.4,     0.9629701, , 
          7.4,     0.8197961, ,           8.2,     0.9096605, ,           7.6,     0.8611704, ,           8.4,     0.9494442, ,          12.8,      1.358842, , , , ,          11.8,      1.296837, ,           9.4,      1.070867, ,           8.6,     0.9851458, , 
          7.6,     0.8475135, ,           8.4,     0.9334103, ,           7.8,     0.8822585, ,           8.6,     0.9702646, ,            13,      1.373732, , , , , , , ,           9.6,      1.092398, ,           8.8,      1.007253, , 
          7.8,     0.8682778, ,           8.8,     0.9831406, ,             8,     0.9034704, ,           8.8,     0.9907004, ,          13.2,      1.387969, , , , , , , ,           9.8,      1.113752, ,          10.2,      1.159124, , 
            8,     0.8880335, ,             9,      1.003292, ,           8.2,     0.9243882, ,             9,      1.010568, ,          13.4,      1.401463, , , , , , , ,            10,      1.134911, ,          10.4,      1.180229, , 
          8.2,     0.9069985, ,           9.2,      1.022936, ,           8.4,     0.9446645, ,           9.2,      1.029558, ,          13.6,      1.413914, , , , , , , ,          10.2,      1.155795, ,          10.6,      1.201064, , 
          8.4,     0.9277555, ,           9.4,      1.042967, ,           8.6,     0.9637973, ,           9.4,      1.047127, ,          13.8,      1.424389, , , , , , , ,          10.4,       1.17631, ,          10.8,        1.2215, , 
          8.6,     0.9481931, ,           9.6,      1.063018, ,           8.8,     0.9806507, ,           9.6,      1.066135, ,            14,      1.432844, , , , , , , ,          10.6,      1.196215, ,            11,      1.241288, , 
          8.8,     0.9681271, ,           9.8,      1.082948, ,             9,      1.000144, ,            10,      1.111616, ,          14.2,      1.438666, , , , , , , ,          10.8,      1.215074, ,          11.2,      1.259839, , 
            9,     0.9869665, ,            10,      1.102718, ,           9.2,      1.023598, ,          10.2,      1.131204, ,          14.4,      1.444303, , , , , , , ,            11,      1.232083, ,          11.4,      1.277277, , 
          9.2,      1.004503, ,          10.2,      1.122299, ,           9.4,      1.048649, ,          10.4,      1.150587, ,          14.6,      1.449696, , , , , , , ,          11.2,      1.249989, ,          11.6,      1.299328, , 
          9.4,      1.024588, ,          10.4,      1.141665, ,           9.6,      1.069135, ,          10.6,      1.169758, ,          14.8,      1.454623, , , , , , , ,          11.4,      1.272526, ,          11.8,      1.319083, , 
          9.6,      1.044282, ,          10.6,      1.160794, ,           9.8,      1.089223, ,          10.8,      1.188709, ,            15,      1.458836, , , , , , , ,          11.6,      1.290853, ,            12,      1.339172, , 
          9.8,      1.063487, ,          10.8,      1.179665, ,            10,       1.10912, ,            11,      1.207279, ,          15.2,      1.462332, , , , , , , ,          11.8,      1.310949, ,          12.2,      1.359681, , 
           10,      1.082175, ,            11,      1.198252, ,          10.2,       1.12881, ,          11.2,      1.224836, ,          15.4,       1.46505, , , , , , , ,            12,      1.331357, ,          12.4,      1.380219, , 
         10.2,      1.100406, ,          11.2,      1.216531, ,          10.4,      1.148279, ,          11.4,      1.241693, ,          15.6,      1.466769, , , , , , , ,          12.2,      1.351629, ,          12.6,      1.400589, , 
         10.4,      1.118193, ,          11.4,       1.23448, ,          10.6,      1.167514, ,          11.6,      1.258863, ,          15.8,        1.4676, , , , , , , ,          12.4,      1.370786, ,          12.8,      1.420404, , 
         10.6,      1.135519, ,          11.6,       1.25207, ,          10.8,      1.186499, ,          11.8,      1.276246, ,            16,      1.467215, , , , , , , ,          12.6,      1.386792, ,            13,      1.438649, , 
         10.8,      1.152357, ,          11.8,      1.269297, ,            11,      1.205219, ,            12,      1.293108, ,          16.2,      1.466126, , , , , , , ,          12.8,      1.401122, ,          13.2,      1.456247, , 
           11,      1.168638, ,            12,      1.286075, ,          11.2,      1.223656, ,          12.2,      1.309536, ,          16.4,      1.463377, , , , , , , ,            13,      1.412585, ,          13.4,      1.473888, , 
         11.2,      1.184322, ,          12.2,      1.302381, ,          11.4,      1.241786, ,          12.4,      1.325499, ,          16.6,      1.459132, , , , , , , , , , ,          13.6,      1.490346, , 
         11.4,      1.199362, ,          12.4,      1.318135, ,          11.6,      1.259272, ,          12.6,      1.340949, ,          16.8,      1.453134, , , , , , , , , , ,          13.8,      1.505957, , 
         11.6,      1.213677, ,          12.6,      1.333228, ,          11.8,      1.276603, ,          12.8,      1.355828, ,            17,      1.445352, , , , , , , , , , ,            14,      1.520659, , 
         11.8,      1.227193, ,          12.8,      1.347613, ,            12,      1.292944, ,            13,      1.370064, ,          17.2,      1.435548, , , , , , , , , , ,          14.2,      1.534401, , 
           12,      1.239881, ,            13,      1.361295, ,          12.2,      1.308799, ,          13.2,       1.38357, ,          17.4,      1.423581, , , , , , , , , , ,          14.4,      1.547156, , 
         12.2,      1.251491, ,          13.2,      1.374182, ,          12.4,      1.324637, ,          13.4,      1.396193, ,          17.6,      1.409211, , , , , , , , , , ,          14.6,      1.558911, , 
         12.4,      1.261697, ,          13.4,      1.385823, ,          12.6,      1.340001, ,          13.6,      1.407406, ,          17.8,       1.39229, , , , , , , , , , ,          14.8,       1.56961, , 
         12.6,       1.26998, ,          13.6,      1.395726, ,          12.8,      1.354766, ,          13.8,      1.416635, ,            18,      1.371744, , , , , , , , , , ,            15,      1.578587, , 
         12.8,       1.27581, ,          13.8,       1.40298, ,            13,      1.368859, ,            14,       1.42266, ,          18.2,      1.346145, , , , , , , , , , ,          15.2,      1.581957, , 
           13,      1.281883, ,            14,      1.409747, ,          13.2,      1.382192, ,          14.2,      1.428119, ,          18.4,      1.312769, , , , , , , , , , ,          15.4,      1.584396, , 
         13.2,      1.287962, ,          14.2,      1.416204, ,          13.4,      1.394507, ,          14.4,      1.433391, ,          18.6,      1.265341, , , , , , , , , , ,          15.6,      1.587754, , 
         13.4,      1.293508, ,          14.4,      1.422113, ,          13.6,      1.405413, ,          14.6,      1.438171, ,          18.8,      1.196606, , , , , , , , , , ,          15.8,      1.591644, , 
         13.6,      1.298018, ,          14.6,      1.427427, ,          13.8,      1.413899, ,          14.8,      1.442295, , , , , , , , , , , , , ,            16,       1.59584, , 
         13.8,      1.300791, ,          14.8,      1.432034, ,            14,      1.420061, ,            15,      1.445761, , , , , , , , , , , , , ,          16.2,      1.600063, , 
           14,      1.301298, ,            15,      1.435834, ,          14.2,      1.425897, ,          15.2,      1.448348, , , , , , , , , , , , , ,          16.4,      1.604293, , 
         14.2,      1.300371, ,          15.2,      1.438856, ,          14.4,       1.43143, ,          15.4,      1.450076, , , , , , , , , , , , , ,          16.6,      1.608482, , 
         14.4,      1.297956, ,          15.4,      1.440887, ,          14.6,      1.436442, ,          15.6,      1.450845, , , , , , , , , , , , , ,          16.8,      1.612467, , 
         14.6,      1.293857, ,          15.6,      1.442005, ,          14.8,      1.440739, ,          15.8,       1.45051, , , , , , , , , , , , , ,            17,      1.616237, , 
         14.8,      1.287969, ,          15.8,      1.441973, ,            15,      1.444343, ,            16,      1.449053, , , , , , , , , , , , , ,          17.2,      1.619736, , 
           15,      1.280131, ,            16,      1.440828, ,          15.2,      1.447106, ,          16.2,      1.446242, , , , , , , , , , , , , ,          17.4,      1.625785, , 
         15.2,      1.270073, ,          16.2,      1.438319, ,          15.4,      1.448988, ,          16.4,       1.44206, , , , , , , , , , , , , ,          17.6,      1.628922, , 
         15.4,      1.257641, ,          16.4,      1.434461, ,          15.6,      1.449924, ,          16.6,      1.436809, , , , , , , , , , , , , ,          17.8,      1.631129, , 
         15.6,      1.242738, ,          16.6,      1.428997, ,          15.8,      1.449776, ,          16.8,       1.42945, , , , , , , , , , , , , ,            18,      1.632455, , 
         15.8,      1.224168, ,          16.8,      1.421906, ,            16,       1.44851, ,            17,      1.420133, , , , , , , , , , , , , ,          18.2,       1.63303, , 
           16,      1.201823, ,            17,      1.412821, ,          16.2,      1.445948, ,          17.2,      1.408785, , , , , , , , , , , , , ,          18.4,      1.632385, , 
         16.2,      1.173229, ,          17.2,      1.401764, ,          16.4,      1.442022, ,          17.4,      1.395171, , , , , , , , , , , , , ,          18.6,      1.630652, , 
         16.4,      1.130457, ,          17.4,      1.388326, ,          16.6,      1.436907, ,          17.6,      1.379271, , , , , , , , , , , , , ,          18.8,      1.627551, , 
, , ,          17.6,      1.372521, ,          16.8,      1.429871, ,          17.8,      1.360289, , , , , , , , , , , , , ,            19,      1.622421, , 
, , ,          17.8,      1.353321, ,            17,       1.42101, ,            18,      1.337052, , , , , , , , , , , , , ,          19.2,      1.615643, , 
, , ,            18,       1.32947, ,          17.2,       1.41019, ,          18.2,      1.307536, , , , , , , , , , , , , ,          19.4,      1.606534, , 
, , ,          18.2,      1.298467, ,          17.4,      1.397227, ,          18.4,      1.268179, , , , , , , , , , , , , ,          19.6,      1.593699, , 
, , ,          18.4,      1.256258, ,          17.6,       1.38209, ,          18.6,      1.216473, , , , , , , , , , , , , ,          19.8,      1.574788, , 
, , ,          18.6,      1.190878, ,          17.8,      1.364145, ,          18.8,      1.131095, , , , , , , , , , , , , ,            20,      1.540665, , 
, , , , , ,            18,      1.342351, , , , , , , , , , , , , , , , , , , , 
, , , , , ,          18.2,      1.315175, , , , , , , , , , , , , , , , , , , , 
, , , , , ,          18.4,      1.279678, , , , , , , , , , , , , , , , , , , , 
, , , , , ,          18.6,       1.23415, , , , , , , , , , , , , , , , , , , , 
, , , , , ,          18.8,       1.16886, , , , , , , , , , , , , , , , , , , , 

